filename,year,region,province,total,unique_names,m,f,lower_threshold,upper_threshold,is_low_outlier,is_high_outlier
palmares-2020-global.txt,2020,global,autre,628856,625619,375323,253533,-11453.0,31227.0,false,true
palmares-2022-global.txt,2022,global,autre,615880,598359,359396,256484,-11453.0,31227.0,false,true
palmares-2021-global.txt,2021,global,autre,491896,489714,289152,202744,-11453.0,31227.0,false,true
palmares-2015-global.txt,2015,global,autre,363019,361542,226901,136118,-11453.0,31227.0,false,true
palmares-2014-global.txt,2014,global,autre,330063,328490,211911,118152,-11453.0,31227.0,false,true
palmares-2019-kinshasa.txt,2019,kinshasa,kinshasa,104469,104406,52055,52414,-11453.0,31227.0,false,true
palmares-2018-kinshasa.txt,2018,kinshasa,kinshasa,98750,98687,47214,51536,-11453.0,31227.0,false,true
palmares-2016-kinshasa.txt,2016,kinshasa,kinshasa,97197,97139,48372,48825,-11453.0,31227.0,false,true
palmares-2011-kinshasa.txt,2011,kinshasa,kinshasa,65188,65164,32182,33006,-11453.0,31227.0,false,true
palmares-2009-kinsahsa.txt,2009,kinsahsa,kinshasa,62078,62060,32378,29700,-11453.0,31227.0,false,true
palmares-2022-haut-katanga-1-71.txt,2022,haut-katanga-1-71,katanga,61256,61103,34042,27214,-11453.0,31227.0,false,true
palmares-2023-haut-katanga-1-71.txt,2023,haut-katanga-1-71,katanga,61105,60149,32605,28500,-11453.0,31227.0,false,true
palmares-2011-bandundu.txt,2011,bandundu,bandundu,57281,56998,39508,17773,-11453.0,31227.0,false,true
palmares-2012-technique-tous.txt,2012,technique-tous,autre,55165,55128,39657,15508,-11453.0,31227.0,false,true
palmares-2019-haut-katanga-71.txt,2019,haut-katanga-71,katanga,49294,49179,27427,21867,-11453.0,31227.0,false,true
palmares-2018-haut-katanga.txt,2018,haut-katanga,katanga,46232,46130,27198,19034,-11453.0,31227.0,false,true
palmares-2009-bandundu.txt,2009,bandundu,bandundu,45819,45723,31835,13984,-11453.0,31227.0,false,true
palmares-2021-haut-katanga-1.txt,2021,haut-katanga-1,katanga,43739,43639,22652,21087,-11453.0,31227.0,false,true
palmares-2018-kwilu.txt,2018,kwilu,bandundu,41485,41336,23006,18479,-11453.0,31227.0,false,true
palmares-2012-kinshasa.txt,2012,kinshasa,kinshasa,40352,40344,17820,22532,-11453.0,31227.0,false,true
palmares-2018-nord-kivu.txt,2018,nord-kivu,nord-kivu,38873,38795,22079,16794,-11453.0,31227.0,false,true
palmares-2017-definitif-kwilu-32.txt,2017,definitif-kwilu-32,bandundu,37259,37144,22411,14848,-11453.0,31227.0,false,true
palmares-2018-sud-kivu.txt,2018,sud-kivu,sud-kivu,37009,36796,22161,14848,-11453.0,31227.0,false,true
palmares-2011-katanga.txt,2011,katanga,katanga,36629,36454,26084,10545,-11453.0,31227.0,false,true
palmares-2012-bandundu.txt,2012,bandundu,bandundu,35632,35542,23367,12265,-11453.0,31227.0,false,true
palmares-2017-definitif-kinshasa-est-11-definitif.txt,2017,definitif-kinshasa-est-11-definitif,kinshasa,35612,35601,18562,17050,-11453.0,31227.0,false,true
palmares-2017-definitif-haut-katanga-71.txt,2017,definitif-haut-katanga-71,katanga,35461,35409,21063,14398,-11453.0,31227.0,false,true
palmares-2009-katanga.txt,2009,katanga,katanga,35183,35020,24800,10383,-11453.0,31227.0,false,true
palmares-2023-34-kwilu-2.txt,2023,34-kwilu-2,bandundu,34418,34188,19056,15362,-11453.0,31227.0,false,true
palmares-2016-kwilu-32.txt,2016,kwilu-32,bandundu,32909,32815,20043,12866,-11453.0,31227.0,false,true
palmares-2023-kinshasa-tshangu-14.txt,2023,kinshasa-tshangu-14,kinshasa,32334,32271,16028,16306,-11453.0,31227.0,false,true
palmares-2023-kinshasa-lukunga-13.txt,2023,kinshasa-lukunga-13,kinshasa,32035,31965,15679,16356,-11453.0,31227.0,false,true
palmares-2022-kinshasa-tshangu-code-14.txt,2022,kinshasa-tshangu-code-14,kinshasa,31235,31227,14468,16767,-11453.0,31227.0,false,true
palmares-2023-kinshasa-mont-amba-11.txt,2023,kinshasa-mont-amba-11,kinshasa,30794,30716,15012,15782,-11453.0,31227.0,false,false
palmares-2017-definitif-sud-kivu-63.txt,2017,definitif-sud-kivu-63,sud-kivu,30583,30429,18566,12017,-11453.0,31227.0,false,false
palmares-2016-haut-katanga-71.txt,2016,haut-katanga-71,katanga,30073,29994,17709,12364,-11453.0,31227.0,false,false
palmares-2022-kwilu-2-code-34.txt,2022,kwilu-2-code-34,bandundu,29822,29674,16220,13602,-11453.0,31227.0,false,false
palmares-2015-kinshasa-est-11.txt,2015,kinshasa-est-11,kinshasa,29791,29789,16227,13564,-11453.0,31227.0,false,false
palmares-2022-kongo-central-1-code-21.txt,2022,kongo-central-1-code-21,bas-congo,28924,28816,14504,14420,-11453.0,31227.0,false,false
palmares-2022-kinshasa-lukunga-code-13.txt,2022,kinshasa-lukunga-code-13,kinshasa,28788,28781,13908,14880,-11453.0,31227.0,false,false
palmares-2023-sud-kivu-1-63.txt,2023,sud-kivu-1-63,sud-kivu,28251,27309,14872,13379,-11453.0,31227.0,false,false
palmares-2010-bandundu-2-32.txt,2010,bandundu-2-32,bandundu,27772,27695,18698,9074,-11453.0,31227.0,false,false
palmares-2015-katanga-1-71.txt,2015,katanga-1-71,katanga,27479,27448,15818,11661,-11453.0,31227.0,false,false
palmares-2010-kinshasa-est-11.txt,2010,kinshasa-est-11,kinshasa,27383,27381,14782,12601,-11453.0,31227.0,false,false
palmares-2016-sud-kivu-63.txt,2016,sud-kivu-63,sud-kivu,27360,27239,16986,10374,-11453.0,31227.0,false,false
palmares-2015-sud-kivu-63.txt,2015,sud-kivu-63,sud-kivu,27145,27042,17107,10038,-11453.0,31227.0,false,false
palmares-2008-bandundu.txt,2008,bandundu,bandundu,26360,26286,17840,8520,-11453.0,31227.0,false,false
palmares-2018-kongo-central.txt,2018,kongo-central,bas-congo,26077,26046,15302,10775,-11453.0,31227.0,false,false
palmares-2015-bandundu-2-32.txt,2015,bandundu-2-32,bandundu,26071,25983,15539,10532,-11453.0,31227.0,false,false
palmares-2012-kasai-occ.txt,2012,kasai-occ,kasai-occidental,26022,25616,20566,5456,-11453.0,31227.0,false,false
palmares-2015-kinshasa-centre-12.txt,2015,kinshasa-centre-12,kinshasa,25978,25970,11951,14027,-11453.0,31227.0,false,false
palmares-2017-definitif-kinshasa-centre-12.txt,2017,definitif-kinshasa-centre-12,kinshasa,25117,25112,11898,13219,-11453.0,31227.0,false,false
palmares-2021-kinshasa-mont-amba.txt,2021,kinshasa-mont-amba,kinshasa,24638,24636,10770,13868,-11453.0,31227.0,false,false
palmares-2023-kongo-central-1-21.txt,2023,kongo-central-1-21,bas-congo,24552,24344,12091,12461,-11453.0,31227.0,false,false
palmares-2022-kwilu-3-code-35.txt,2022,kwilu-3-code-35,bandundu,24551,24395,14049,10502,-11453.0,31227.0,false,false
palmares-2022-kinshasa-mont-amba-code-11.txt,2022,kinshasa-mont-amba-code-11,kinshasa,24358,24356,12265,12093,-11453.0,31227.0,false,false
palmares-2012-sud-kivu.txt,2012,sud-kivu,sud-kivu,24163,24105,16405,7758,-11453.0,31227.0,false,false
palmares-2011-kasai-oriental.txt,2011,kasai-oriental,kasai-oriental,24133,24042,18164,5969,-11453.0,31227.0,false,false
palmares-2017-definitif-kinshasa-ouest-13.txt,2017,definitif-kinshasa-ouest-13,kinshasa,24048,24044,12082,11966,-11453.0,31227.0,false,false
palmares-2011-equateur.txt,2011,equateur,equateur,24039,24020,19078,4961,-11453.0,31227.0,false,false
palmares-2011-nord-kivu.txt,2011,nord-kivu,nord-kivu,24014,23986,15081,8933,-11453.0,31227.0,false,false
palmares-2011-kasai-occidental.txt,2011,kasai-occidental,kasai-occidental,23637,23239,19035,4602,-11453.0,31227.0,false,false
palmares-2011-sud-kivu.txt,2011,sud-kivu,sud-kivu,23441,23335,16145,7296,-11453.0,31227.0,false,false
palmares-2023-kinshasa-funa-12.txt,2023,kinshasa-funa-12,kinshasa,23401,23355,11010,12391,-11453.0,31227.0,false,false
palmares-2021-kinshasa-tshangu.txt,2021,kinshasa-tshangu,kinshasa,23238,23233,10973,12265,-11453.0,31227.0,false,false
palmares-2008-katanga.txt,2008,katanga,katanga,23094,22562,16104,6990,-11453.0,31227.0,false,false
palmares-2013-kinshasa-centre-12.txt,2013,kinshasa-centre-12,kinshasa,22757,22739,10068,12689,-11453.0,31227.0,false,false
palmares-2023-35-kwilu-3.txt,2023,35-kwilu-3,bandundu,22644,22500,12165,10479,-11453.0,31227.0,false,false
palmares-2012-kasai-or.txt,2012,kasai-or,kasai-occidental,22245,22174,16572,5673,-11453.0,31227.0,false,false
palmares-2010-kinshasa-centre-12.txt,2010,kinshasa-centre-12,kinshasa,22118,22114,10656,11462,-11453.0,31227.0,false,false
palmares-2012-katanga.txt,2012,katanga,katanga,22093,21966,17377,4716,-11453.0,31227.0,false,false
palmares-2019-sud-kivu-1-63.txt,2019,sud-kivu-1-63,sud-kivu,22066,21959,12339,9727,-11453.0,31227.0,false,false
palmares-2013-kinshasa-est-11.txt,2013,kinshasa-est-11,kinshasa,21936,21934,10839,11097,-11453.0,31227.0,false,false
palmares-2015-kinshasa-ouest-13.txt,2015,kinshasa-ouest-13,kinshasa,21457,21449,10704,10753,-11453.0,31227.0,false,false
palmares-2013-bandundu-2-32.txt,2013,bandundu-2-32,bandundu,21163,21092,13071,8092,-11453.0,31227.0,false,false
palmares-2023-kasai-central-1-81.txt,2023,kasai-central-1-81,kasai-occidental,20961,20128,13783,7178,-11453.0,31227.0,false,false
palmares-2022-kinshasa-funa-code-12.txt,2022,kinshasa-funa-code-12,kinshasa,20736,20730,8569,12167,-11453.0,31227.0,false,false
palmares-2012-nord-kivu.txt,2012,nord-kivu,nord-kivu,20167,20147,12384,7783,-11453.0,31227.0,false,false
palmares-2019-kwilu-2-34.txt,2019,kwilu-2-34,bandundu,20087,20009,12144,7943,-11453.0,31227.0,false,false
palmares-2021-sud-kivu-1.txt,2021,sud-kivu-1,sud-kivu,19848,19773,11139,8709,-11453.0,31227.0,false,false
palmares-2019-nord-kivu-2-62-s.txt,2019,nord-kivu-2-62-s,nord-kivu,19762,19709,9802,9960,-11453.0,31227.0,false,false
palmares-2017-definitif-nord-kivu-1-61.txt,2017,definitif-nord-kivu-1-61,nord-kivu,19413,19401,11849,7564,-11453.0,31227.0,false,false
palmares-2013-sud-kivu-63.txt,2013,sud-kivu-63,sud-kivu,19312,19267,13207,6105,-11453.0,31227.0,false,false
palmares-2023-nord-kivu-2-62.txt,2023,nord-kivu-2-62,nord-kivu,19254,18650,9149,10105,-11453.0,31227.0,false,false
palmares-2009-nord-kivu.txt,2009,nord-kivu,nord-kivu,18919,18888,11909,7010,-11453.0,31227.0,false,false
palmares-2021-kinshasa-lukunga.txt,2021,kinshasa-lukunga,kinshasa,18833,18830,9224,9609,-11453.0,31227.0,false,false
palmares-2016-nord-kivu-61.txt,2016,nord-kivu-61,nord-kivu,18757,18754,11791,6966,-11453.0,31227.0,false,false
palmares-2021-lomami.txt,2021,lomami,kasai-oriental,18538,18403,13129,5409,-11453.0,31227.0,false,false
palmares-2010-katanga-1-71.txt,2010,katanga-1-71,katanga,18514,18496,11547,6967,-11453.0,31227.0,false,false
palmares-2012-katanga1.txt,2012,katanga1,katanga,18377,18347,11000,7377,-11453.0,31227.0,false,false
palmares-2019-lomami-93.txt,2019,lomami-93,kasai-oriental,18322,18164,13136,5186,-11453.0,31227.0,false,false
palmares-2008-kinshasa-centre.txt,2008,kinshasa-centre,kinshasa,18144,18125,8050,10094,-11453.0,31227.0,false,false
palmares-2023-kasai-oriental-1-91.txt,2023,kasai-oriental-1-91,kasai-oriental,17976,17614,11522,6454,-11453.0,31227.0,false,false
palmares-2008-kinshasa-est.txt,2008,kinshasa-est,kinshasa,17868,17850,8963,8905,-11453.0,31227.0,false,false
palmares-2008-kin.txt,2008,kin,kinshasa,17853,17850,8953,8900,-11453.0,31227.0,false,false
palmares-2012-orientale.txt,2012,orientale,orientale,17664,17651,11755,5909,-11453.0,31227.0,false,false
palmares-2009-kasai-oriental.txt,2009,kasai-oriental,kasai-oriental,17624,17546,13234,4390,-11453.0,31227.0,false,false
palmares-2021-kinshasa-funa.txt,2021,kinshasa-funa,kinshasa,17152,17151,7495,9657,-11453.0,31227.0,false,false
palmares-2015-nord-kivu-1-61.txt,2015,nord-kivu-1-61,nord-kivu,17110,17085,10590,6520,-11453.0,31227.0,false,false
palmares-2018-kasai-central.txt,2018,kasai-central,kasai-occidental,17097,17003,12577,4520,-11453.0,31227.0,false,false
palmares-2009-kasai-occidental.txt,2009,kasai-occidental,kasai-occidental,17067,16826,13812,3255,-11453.0,31227.0,false,false
palmares-2012-equateur.txt,2012,equateur,equateur,16859,16825,12848,4011,-11453.0,31227.0,false,false
palmares-2018-kasai.txt,2018,kasai,kasai-occidental,16826,16568,11284,5542,-11453.0,31227.0,false,false
palmares-2013-kinshasa-ouest-13.txt,2013,kinshasa-ouest-13,kinshasa,16824,16821,9136,7688,-11453.0,31227.0,false,false
palmares-2018-tshopo.txt,2018,tshopo,orientale,16771,16763,11058,5713,-11453.0,31227.0,false,false
palmares-2018-haut-lomami.txt,2018,haut-lomami,katanga,16735,16626,12871,3864,-11453.0,31227.0,false,false
palmares-2017-definitif-nord-kivu-2-62.txt,2017,definitif-nord-kivu-2-62,nord-kivu,16652,16606,8682,7970,-11453.0,31227.0,false,false
palmares-2011-province-orientale.txt,2011,province-orientale,orientale,16564,16544,11614,4950,-11453.0,31227.0,false,false
palmares-2018-lomami.txt,2018,lomami,kasai-oriental,16473,16354,11582,4891,-11453.0,31227.0,false,false
palmares-2010-kinshasa-ouest-13.txt,2010,kinshasa-ouest-13,kinshasa,16356,16354,8932,7424,-11453.0,31227.0,false,false
palmares-2023-sud-kivu-2-65.txt,2023,sud-kivu-2-65,sud-kivu,16166,16087,9760,6406,-11453.0,31227.0,false,false
palmares-2009-equateur.txt,2009,equateur,equateur,16112,16106,12800,3312,-11453.0,31227.0,false,false
palmares-2013-katanga-1-71.txt,2013,katanga-1-71,katanga,15775,15765,10079,5696,-11453.0,31227.0,false,false
palmares-2022-kasai-central-1-81.txt,2022,kasai-central-1-81,kasai-occidental,15641,15592,10581,5060,-11453.0,31227.0,false,false
palmares-2016-nord-kivu-62.txt,2016,nord-kivu-62,nord-kivu,15621,15580,8318,7303,-11453.0,31227.0,false,false
palmares-2021-kwilu-3.txt,2021,kwilu-3,bandundu,15390,15342,8206,7184,-11453.0,31227.0,false,false
palmares-2011-bas-congo.txt,2011,bas-congo,bas-congo,15310,15295,9512,5798,-11453.0,31227.0,false,false
palmares-2018-kasai-oriental.txt,2018,kasai-oriental,kasai-oriental,15222,15160,10420,4802,-11453.0,31227.0,false,false
palmares-2019-bas-fleuve-21.txt,2019,bas-fleuve-21,bas-congo,15220,15195,8458,6762,-11453.0,31227.0,false,false
palmares-2022-kasai-2-84.txt,2022,kasai-2-84,kasai-occidental,15026,14786,9661,5365,-11453.0,31227.0,false,false
palmares-2023-kasai-2-84.txt,2023,kasai-2-84,kasai-occidental,14816,14411,9228,5588,-11453.0,31227.0,false,false
palmares-2023-tshopo-1-51.txt,2023,tshopo-1-51,orientale,14798,14788,8268,6530,-11453.0,31227.0,false,false
palmares-2015-nord-kivu-2-62.txt,2015,nord-kivu-2-62,nord-kivu,14753,14714,8081,6672,-11453.0,31227.0,false,false
palmares-2022-kwango-1-code-33.txt,2022,kwango-1-code-33,bandundu,14655,14419,8626,6029,-11453.0,31227.0,false,false
palmares-2022-nord-kivu-2-code-62-1.txt,2022,nord-kivu-2-code-62-1,nord-kivu,14491,14461,7073,7418,-11453.0,31227.0,false,false
palmares-2022-tshopo-1-code-51.txt,2022,tshopo-1-code-51,orientale,14140,14137,7949,6191,-11453.0,31227.0,false,false
palmares-2022-kasai-oriental-1-91.txt,2022,kasai-oriental-1-91,kasai-oriental,13845,13797,8881,4964,-11453.0,31227.0,false,false
palmares-2017-definitif-lomami-93.txt,2017,definitif-lomami-93,kasai-oriental,13803,13711,9891,3912,-11453.0,31227.0,false,false
palmares-2023-kongo-central-2-22.txt,2023,kongo-central-2-22,bas-congo,13784,13661,7217,6567,-11453.0,31227.0,false,false
palmares-2019-kwilu-3-35.txt,2019,kwilu-3-35,bandundu,13708,13666,8155,5553,-11453.0,31227.0,false,false
palmares-2010-sud-kivu-63.txt,2010,sud-kivu-63,sud-kivu,13648,13621,9336,4312,-11453.0,31227.0,false,false
palmares-2019-nord-kivu-1-61.txt,2019,nord-kivu-1-61,nord-kivu,13644,13640,7531,6113,-11453.0,31227.0,false,false
palmares-2017-definitif-tshopo-51.txt,2017,definitif-tshopo-51,orientale,13623,13619,9112,4511,-11453.0,31227.0,false,false
palmares-2023-kasai-1-82.txt,2023,kasai-1-82,kasai-occidental,13488,13109,9573,3915,-11453.0,31227.0,false,false
palmares-2021-nord-kivu-2.txt,2021,nord-kivu-2,nord-kivu,13441,13423,6258,7183,-11453.0,31227.0,false,false
palmares-2010-bandundu-1-31.txt,2010,bandundu-1-31,bandundu,13436,13435,9599,3837,-11453.0,31227.0,false,false
palmares-2023-32-kwilu-1.txt,2023,32-kwilu-1,bandundu,13432,13410,7170,6262,-11453.0,31227.0,false,false
palmares-2019-kasai-central-1-81.txt,2019,kasai-central-1-81,kasai-occidental,13304,13250,9611,3693,-11453.0,31227.0,false,false
palmares-2016-lomami-93.txt,2016,lomami-93,kasai-oriental,13243,13156,9489,3754,-11453.0,31227.0,false,false
palmares-2022-lomami-code-93.txt,2022,lomami-code-93,kasai-oriental,13159,13076,8832,4327,-11453.0,31227.0,false,false
palmares-2021-kasai-oriental-1.txt,2021,kasai-oriental-1,kasai-oriental,12926,12886,8592,4334,-11453.0,31227.0,false,false
palmares-2018-kwango.txt,2018,kwango,bandundu,12914,12761,7848,5066,-11453.0,31227.0,false,false
palmares-2023-kinshasa-plateau-15.txt,2023,kinshasa-plateau-15,kinshasa,12896,12880,6524,6372,-11453.0,31227.0,false,false
palmares-2009-sud-kivu.txt,2009,sud-kivu,sud-kivu,12884,12844,9170,3714,-11453.0,31227.0,false,false
palmares-2015-kasai-oriental-3-93.txt,2015,kasai-oriental-3-93,kasai-oriental,12867,12812,9061,3806,-11453.0,31227.0,false,false
palmares-2023-lualaba-1-74.txt,2023,lualaba-1-74,katanga,12839,12773,7079,5760,-11453.0,31227.0,false,false
palmares-2016-tshopo-51.txt,2016,tshopo-51,orientale,12761,12751,8765,3996,-11453.0,31227.0,false,false
palmares-2008-kinshasa-ouest.txt,2008,kinshasa-ouest,kinshasa,12700,12694,6834,5866,-11453.0,31227.0,false,false
palmares-2016-kasai-82.txt,2016,kasai-82,kasai-occidental,12699,12469,8861,3838,-11453.0,31227.0,false,false
palmares-2008-kasai-or.txt,2008,kasai-or,kasai-occidental,12595,12551,9642,2953,-11453.0,31227.0,false,false
palmares-2019-mai-ndombe-31-s.txt,2019,mai-ndombe-31-s,bandundu,12496,12492,8013,4483,-11453.0,31227.0,false,false
palmares-2017-definitif-kongo-central1-21.txt,2017,definitif-kongo-central1-21,bas-congo,12488,12460,7165,5323,-11453.0,31227.0,false,false
palmares-2023-equateur-1-41.txt,2023,equateur-1-41,equateur,12486,12472,7418,5068,-11453.0,31227.0,false,false
palmares-2021-kasai-central-1.txt,2021,kasai-central-1,kasai-occidental,12452,12406,8595,3857,-11453.0,31227.0,false,false
palmares-2023-lomami-1-93.txt,2023,lomami-1-93,kasai-oriental,12451,12142,8036,4415,-11453.0,31227.0,false,false
palmares-2016-kasai-central-81.txt,2016,kasai-central-81,kasai-occidental,12396,12368,9305,3091,-11453.0,31227.0,false,false
palmares-2017-definitif-haut-lomami-72.txt,2017,definitif-haut-lomami-72,katanga,12363,12274,9411,2952,-11453.0,31227.0,false,false
palmares-2021-kasai-2.txt,2021,kasai-2,kasai-occidental,12290,12177,8262,4028,-11453.0,31227.0,false,false
palmares-2015-bandundu-1-31.txt,2015,bandundu-1-31,bandundu,12193,12191,8107,4086,-11453.0,31227.0,false,false
palmares-2022-lualaba-1-code-74.txt,2022,lualaba-1-code-74,katanga,12178,12169,6833,5345,-11453.0,31227.0,false,false
palmares-2023-lomami-2-96.txt,2023,lomami-2-96,kasai-oriental,12176,11717,8454,3722,-11453.0,31227.0,false,false
palmares-2022-kinshasa-plateau-code-15.txt,2022,kinshasa-plateau-code-15,kinshasa,12160,12159,6000,6160,-11453.0,31227.0,false,false
palmares-2017-definitif-ituri-52.txt,2017,definitif-ituri-52,orientale,12156,12152,7243,4913,-11453.0,31227.0,false,false
palmares-2013-bandundu-1-31.txt,2013,bandundu-1-31,bandundu,12127,12120,8318,3809,-11453.0,31227.0,false,false
palmares-2022-kasai-1-82.txt,2022,kasai-1-82,kasai-occidental,12040,11884,8632,3408,-11453.0,31227.0,false,false
palmares-2015-bas-congo-1-21.txt,2015,bas-congo-1-21,bas-congo,12021,11988,7726,4295,-11453.0,31227.0,false,false
palmares-2012-bas-congo.txt,2012,bas-congo,bas-congo,11994,11987,6671,5323,-11453.0,31227.0,false,false
palmares-2018-maniema.txt,2018,maniema,maniema,11988,11960,8815,3173,-11453.0,31227.0,false,false
palmares-2019-maniema-64.txt,2019,maniema-64,maniema,11745,11718,8458,3287,-11453.0,31227.0,false,false
palmares-2015-kasai-occidental-1-81.txt,2015,kasai-occidental-1-81,kasai-occidental,11678,11632,8752,2926,-11453.0,31227.0,false,false
palmares-2022-lomami-2-code-96.txt,2022,lomami-2-code-96,kasai-oriental,11662,11578,8384,3278,-11453.0,31227.0,false,false
palmares-2009-bas-congo.txt,2009,bas-congo,bas-congo,11599,11587,7444,4155,-11453.0,31227.0,false,false
palmares-2013-nord-kivu-2-62.txt,2013,nord-kivu-2-62,nord-kivu,11580,11563,6413,5167,-11453.0,31227.0,false,false
palmares-2013-kasai-occidental-2-82.txt,2013,kasai-occidental-2-82,kasai-occidental,11578,11359,8667,2911,-11453.0,31227.0,false,false
palmares-2013-nord-kivu-1-61.txt,2013,nord-kivu-1-61,nord-kivu,11550,11545,7782,3768,-11453.0,31227.0,false,false
palmares-2016-kongo-central-1.txt,2016,kongo-central-1,bas-congo,11522,11503,6584,4938,-11453.0,31227.0,false,false
palmares-2018-ituri.txt,2018,ituri,orientale,11509,11499,6934,4575,-11453.0,31227.0,false,false
palmares-2021-kongo-central-1.txt,2021,kongo-central-1,bas-congo,11312,11294,5718,5594,-11453.0,31227.0,false,false
palmares-2019-kasai-oriental-91.txt,2019,kasai-oriental-91,kasai-oriental,11149,11122,7638,3511,-11453.0,31227.0,false,false
palmares-2017-definitif-kasai-oriental-91.txt,2017,definitif-kasai-oriental-91,kasai-oriental,11089,11066,7602,3487,-11453.0,31227.0,false,false
palmares-2021-kasai-1.txt,2021,kasai-1,kasai-occidental,11039,10916,8111,2928,-11453.0,31227.0,false,false
palmares-2016-ituri-52.txt,2016,ituri-52,orientale,11012,10998,6790,4222,-11453.0,31227.0,false,false
palmares-2015-kasai-occidental-2-82.txt,2015,kasai-occidental-2-82,kasai-occidental,10928,10801,7795,3133,-11453.0,31227.0,false,false
palmares-2015-bandundu-3-33.txt,2015,bandundu-3-33,bandundu,10908,10792,7135,3773,-11453.0,31227.0,false,false
palmares-2008-nord-kivu.txt,2008,nord-kivu,nord-kivu,10890,10762,6813,4077,-11453.0,31227.0,false,false
palmares-2008-sud-kivu.txt,2008,sud-kivu,sud-kivu,10867,10742,7659,3208,-11453.0,31227.0,false,false
palmares-2023-haut-lomami-1-72.txt,2023,haut-lomami-1-72,katanga,10839,10545,7297,3542,-11453.0,31227.0,false,false
palmares-2019-sankuru-92.txt,2019,sankuru-92,kasai-oriental,10805,10782,7320,3485,-11453.0,31227.0,false,false
palmares-2010-bandundu-3-33.txt,2010,bandundu-3-33,bandundu,10789,10694,8249,2540,-11453.0,31227.0,false,false
palmares-2018-equateur.txt,2018,equateur,equateur,10678,10670,6903,3775,-11453.0,31227.0,false,false
palmares-2022-haut-lomami-1-72.txt,2022,haut-lomami-1-72,katanga,10675,10630,7187,3488,-11453.0,31227.0,false,false
palmares-2009-province-orientale.txt,2009,province-orientale,orientale,10665,10661,7275,3390,-11453.0,31227.0,false,false
palmares-2019-tshopo-1-51.txt,2019,tshopo-1-51,orientale,10647,10644,6246,4401,-11453.0,31227.0,false,false
palmares-2018-sankuru.txt,2018,sankuru,kasai-oriental,10618,10602,7200,3418,-11453.0,31227.0,false,false
palmares-2015-katanga-2-72.txt,2015,katanga-2-72,katanga,10586,10521,8272,2314,-11453.0,31227.0,false,false
palmares-2016-kwango-33.txt,2016,kwango-33,bandundu,10544,10428,6757,3787,-11453.0,31227.0,false,false
palmares-2017-definitif-kwango-33.txt,2017,definitif-kwango-33,bandundu,10500,10428,6641,3859,-11453.0,31227.0,false,false
palmares-2017-definitif-kasai-82.txt,2017,definitif-kasai-82,kasai-occidental,10473,10299,6898,3575,-11453.0,31227.0,false,false
palmares-2018-maindombe.txt,2018,maindombe,bandundu,10442,10440,6572,3870,-11453.0,31227.0,false,false
palmares-2010-kasai-orient-3-93.txt,2010,kasai-orient-3-93,kasai-oriental,10431,10372,8330,2101,-11453.0,31227.0,false,false
palmares-2016-haut-lomami-72.txt,2016,haut-lomami-72,katanga,10363,10300,8158,2205,-11453.0,31227.0,false,false
palmares-2021-equateur-1.txt,2021,equateur-1,equateur,10225,10224,6463,3762,-11453.0,31227.0,false,false
palmares-2022-kasai-central-2-83.txt,2022,kasai-central-2-83,kasai-occidental,10205,10164,7966,2239,-11453.0,31227.0,false,false
palmares-2010-kasai-occ-2-82.txt,2010,kasai-occ-2-82,kasai-occidental,10132,9970,8265,1867,-11453.0,31227.0,false,false
palmares-2018-tanganyika.txt,2018,tanganyika,katanga,10055,10020,7209,2846,-11453.0,31227.0,false,false
palmares-2017-definitif-kasai-central-81.txt,2017,definitif-kasai-central-81,kasai-occidental,10041,10015,6681,3360,-11453.0,31227.0,false,false
palmares-2015-province-orientale-1-51.txt,2015,province-orientale-1-51,orientale,10035,10034,6866,3169,-11453.0,31227.0,false,false
palmares-2016-kasai-oriental-91.txt,2016,kasai-oriental-91,kasai-oriental,9964,9940,6874,3090,-11453.0,31227.0,false,false
palmares-2010-kasai-occ-1-81.txt,2010,kasai-occ-1-81,kasai-occidental,9963,9885,8146,1817,-11453.0,31227.0,false,false
palmares-2022-equateur-1-41.txt,2022,equateur-1-41,equateur,9824,9821,5775,4049,-11453.0,31227.0,false,false
palmares-2017-definitif-maniema-64.txt,2017,definitif-maniema-64,maniema,9672,9617,7260,2412,-11453.0,31227.0,false,false
palmares-2013-kasai-occidental-1-81.txt,2013,kasai-occidental-1-81,kasai-occidental,9482,9425,7418,2064,-11453.0,31227.0,false,false
palmares-2018-sud-ubangi.txt,2018,sud-ubangi,equateur,9456,9456,6818,2638,-11453.0,31227.0,false,false
palmares-2011-maniema.txt,2011,maniema,maniema,9369,9266,7553,1816,-11453.0,31227.0,false,false
palmares-2021-kwilu-1.txt,2021,kwilu-1,bandundu,9359,9352,5308,4051,-11453.0,31227.0,false,false
palmares-2023-kasai-central-2-83.txt,2023,kasai-central-2-83,kasai-occidental,9351,9217,7115,2236,-11453.0,31227.0,false,false
palmares-2021-haut-lomami-1.txt,2021,haut-lomami-1,katanga,9296,9261,6459,2837,-11453.0,31227.0,false,false
palmares-2015-maniema-64.txt,2015,maniema-64,maniema,9294,9155,6932,2362,-11453.0,31227.0,false,false
palmares-2017-definitif-kongo-central-2-22.txt,2017,definitif-kongo-central-2-22,bas-congo,9262,9259,5788,3474,-11453.0,31227.0,false,false
palmares-2017-definitif-maindombe-31.txt,2017,definitif-maindombe-31,bandundu,9239,9236,6129,3110,-11453.0,31227.0,false,false
palmares-2021-nord-kivu-1.txt,2021,nord-kivu-1,nord-kivu,9200,9198,4727,4473,-11453.0,31227.0,false,false
palmares-2023-kwango-2-36.txt,2023,kwango-2-36,bandundu,9162,9122,4868,4294,-11453.0,31227.0,false,false
palmares-2010-katanga-2-72.txt,2010,katanga-2-72,katanga,9095,9011,7775,1320,-11453.0,31227.0,false,false
palmares-2015-province-orientale-2-52.txt,2015,province-orientale-2-52,orientale,9094,9088,5732,3362,-11453.0,31227.0,false,false
palmares-2019-kwilu-1-32.txt,2019,kwilu-1-32,bandundu,9061,9061,5302,3759,-11453.0,31227.0,false,false
palmares-2008-equateur.txt,2008,equateur,equateur,9021,8993,6868,2153,-11453.0,31227.0,false,false
palmares-2015-kasai-oriental-1-91.txt,2015,kasai-oriental-1-91,kasai-oriental,8995,8972,6107,2888,-11453.0,31227.0,false,false
palmares-2021-tshopo-1.txt,2021,tshopo-1,orientale,8984,8984,4988,3996,-11453.0,31227.0,false,false
palmares-2010-nord-kivu-1-61.txt,2010,nord-kivu-1-61,nord-kivu,8959,8956,6218,2741,-11453.0,31227.0,false,false
palmares-2019-kwango-1-33.txt,2019,kwango-1-33,bandundu,8821,8717,5576,3245,-11453.0,31227.0,false,false
palmares-2019-nord-kivu-3-66.txt,2019,nord-kivu-3-66,nord-kivu,8814,8808,5542,3272,-11453.0,31227.0,false,false
palmares-2017-definitif-equateur-41.txt,2017,definitif-equateur-41,equateur,8802,8798,5905,2897,-11453.0,31227.0,false,false
palmares-2023-nord-kivu-1-61.txt,2023,nord-kivu-1-61,nord-kivu,8711,8686,3752,4959,-11453.0,31227.0,false,false
palmares-2012-maniema.txt,2012,maniema,maniema,8709,8610,6694,2015,-11453.0,31227.0,false,false
palmares-2016-maniema-64.txt,2016,maniema-64,maniema,8697,8570,6493,2204,-11453.0,31227.0,false,false
palmares-2021-mai-ndombe-1.txt,2021,mai-ndombe-1,bandundu,8675,8673,5357,3318,-11453.0,31227.0,false,false
palmares-2015-equateur-1-41.txt,2015,equateur-1-41,equateur,8667,8654,5821,2846,-11453.0,31227.0,false,false
palmares-2019-sud-kivu-2-65.txt,2019,sud-kivu-2-65,sud-kivu,8639,8627,5673,2966,-11453.0,31227.0,false,false
palmares-2021-nord-kivu-3.txt,2021,nord-kivu-3,nord-kivu,8616,8609,5843,2773,-11453.0,31227.0,false,false
palmares-2016-mai-ndombe-31.txt,2016,mai-ndombe-31,bandundu,8600,8595,5664,2936,-11453.0,31227.0,false,false
palmares-2021-kwango-1.txt,2021,kwango-1,bandundu,8525,8448,5231,3294,-11453.0,31227.0,false,false
palmares-2021-kinshasa-plateau.txt,2021,kinshasa-plateau,kinshasa,8464,8462,3946,4518,-11453.0,31227.0,false,false
palmares-2016-tanganyika-73.txt,2016,tanganyika-73,katanga,8445,8428,6175,2270,-11453.0,31227.0,false,false
palmares-2022-sud-kivu-1-code-63.txt,2022,sud-kivu-1-code-63,sud-kivu,8379,8359,4801,3578,-11453.0,31227.0,false,false
palmares-2010-bas-congo-1-21.txt,2010,bas-congo-1-21,bas-congo,8277,8266,5017,3260,-11453.0,31227.0,false,false
palmares-2022-nord-kivu-1-code-61.txt,2022,nord-kivu-1-code-61,nord-kivu,8230,8228,3997,4233,-11453.0,31227.0,false,false
palmares-2015-katanga-3-73.txt,2015,katanga-3-73,katanga,8208,8196,5970,2238,-11453.0,31227.0,false,false
palmares-2016-kongo-central-2.txt,2016,kongo-central-2,bas-congo,8180,8175,5546,2634,-11453.0,31227.0,false,false
palmares-2009-maniema.txt,2009,maniema,maniema,8159,8080,6641,1518,-11453.0,31227.0,false,false
palmares-2010-maniema-64.txt,2010,maniema-64,maniema,8141,8037,6742,1399,-11453.0,31227.0,false,false
palmares-2019-kasai-2-84.txt,2019,kasai-2-84,kasai-occidental,8109,8022,5309,2800,-11453.0,31227.0,false,false
palmares-2016-equateur-41.txt,2016,equateur-41,equateur,8100,8095,5412,2688,-11453.0,31227.0,false,false
palmares-2023-nord-kivu-3-66.txt,2023,nord-kivu-3-66,nord-kivu,8085,8065,5041,3044,-11453.0,31227.0,false,false
palmares-2023-tshopo-2-55.txt,2023,tshopo-2-55,orientale,8075,8068,6120,1955,-11453.0,31227.0,false,false
palmares-2022-ituri-1-52.txt,2022,ituri-1-52,orientale,8051,8045,4154,3897,-11453.0,31227.0,false,false
palmares-2013-province-orientale-1-51.txt,2013,province-orientale-1-51,orientale,8019,8018,5510,2509,-11453.0,31227.0,false,false
palmares-2021-sud-kivu-2.txt,2021,sud-kivu-2,sud-kivu,7977,7954,5091,2886,-11453.0,31227.0,false,false
palmares-2023-mai-ndombe-3-38.txt,2023,mai-ndombe-3-38,bandundu,7906,7895,4379,3527,-11453.0,31227.0,false,false
palmares-2015-bas-congo-2-22.txt,2015,bas-congo-2-22,bas-congo,7898,7891,5277,2621,-11453.0,31227.0,false,false
palmares-2017-definitif-tanganyika-73.txt,2017,definitif-tanganyika-73,katanga,7893,7877,5825,2068,-11453.0,31227.0,false,false
palmares-2022-mai-ndombe-3-code-38.txt,2022,mai-ndombe-3-code-38,bandundu,7877,7876,4441,3436,-11453.0,31227.0,false,false
palmares-2023-tanganyika-2-77.txt,2023,tanganyika-2-77,katanga,7811,7479,6049,1762,-11453.0,31227.0,false,false
palmares-2023-maniema-1-64.txt,2023,maniema-1-64,maniema,7798,7785,5081,2717,-11453.0,31227.0,false,false
palmares-2017-definitif-sankuru-92.txt,2017,definitif-sankuru-92,kasai-oriental,7759,7743,5304,2455,-11453.0,31227.0,false,false
palmares-2019-haut-lomami-72.txt,2019,haut-lomami-72,katanga,7757,7728,5549,2208,-11453.0,31227.0,false,false
palmares-2013-kasai-oriental-2-92.txt,2013,kasai-oriental-2-92,kasai-oriental,7703,7633,5555,2148,-11453.0,31227.0,false,false
palmares-2023-haut-lomami-2-75.txt,2023,haut-lomami-2-75,katanga,7673,7329,5821,1852,-11453.0,31227.0,false,false
palmares-2022-tanganyika-1-code-73.txt,2022,tanganyika-1-code-73,katanga,7656,7649,4376,3280,-11453.0,31227.0,false,false
palmares-2010-province-orientale-1-51.txt,2010,province-orientale-1-51,orientale,7487,7487,5226,2261,-11453.0,31227.0,false,false
palmares-2013-bas-congo-1-21.txt,2013,bas-congo-1-21,bas-congo,7485,7481,4304,3181,-11453.0,31227.0,false,false
palmares-2018-lualaba.txt,2018,lualaba,katanga,7468,7466,4793,2675,-11453.0,31227.0,false,false
palmares-2019-cataratces-22.txt,2019,cataratces-22,bas-congo,7391,7390,4548,2843,-11453.0,31227.0,false,false
palmares-2023-maniema-2-68.txt,2023,maniema-2-68,maniema,7389,7262,5561,1828,-11453.0,31227.0,false,false
palmares-2019-equateur-1-41.txt,2019,equateur-1-41,equateur,7388,7387,4687,2701,-11453.0,31227.0,false,false
palmares-2023-mongala-1-44.txt,2023,mongala-1-44,equateur,7330,7318,5018,2312,-11453.0,31227.0,false,false
palmares-2022-haut-lomami-2-75.txt,2022,haut-lomami-2-75,katanga,7238,7184,5620,1618,-11453.0,31227.0,false,false
palmares-2010-nord-kivu-2-62.txt,2010,nord-kivu-2-62,nord-kivu,7202,7188,4397,2805,-11453.0,31227.0,false,false
palmares-2023-tanganyika-1-73.txt,2023,tanganyika-1-73,katanga,7199,7169,4159,3040,-11453.0,31227.0,false,false
palmares-2022-kwilu-1-code-32.txt,2022,kwilu-1-code-32,bandundu,7178,7176,3775,3403,-11453.0,31227.0,false,false
palmares-2017-definitif-sud-ubangi-42.txt,2017,definitif-sud-ubangi-42,equateur,7156,7156,5339,1817,-11453.0,31227.0,false,false
palmares-2021-lualaba-1.txt,2021,lualaba-1,katanga,7133,7130,3981,3152,-11453.0,31227.0,false,false
palmares-2019-mongala-44.txt,2019,mongala-44,equateur,7099,7098,5236,1863,-11453.0,31227.0,false,false
palmares-2022-tanganyika-2-code-77.txt,2022,tanganyika-2-code-77,katanga,7041,6999,5280,1761,-11453.0,31227.0,false,false
palmares-2023-sankuru-1-92.txt,2023,sankuru-1-92,kasai-oriental,6999,6967,4459,2540,-11453.0,31227.0,false,false
palmares-2023-ituri-1-52.txt,2023,ituri-1-52,orientale,6985,6958,3766,3219,-11453.0,31227.0,false,false
palmares-2013-katanga-2-72.txt,2013,katanga-2-72,katanga,6974,6905,5637,1337,-11453.0,31227.0,false,false
palmares-2023-kongo-central-3-23.txt,2023,kongo-central-3-23,bas-congo,6897,6852,4159,2738,-11453.0,31227.0,false,false
palmares-2021-kwango-2.txt,2021,kwango-2,bandundu,6816,6814,4084,2732,-11453.0,31227.0,false,false
palmares-2019-ituri-1-52.txt,2019,ituri-1-52,orientale,6757,6749,3730,3027,-11453.0,31227.0,false,false
palmares-2008-bas-congo.txt,2008,bas-congo,bas-congo,6702,6699,4192,2510,-11453.0,31227.0,false,false
palmares-2008-kasai-occ.txt,2008,kasai-occ,kasai-occidental,6676,6628,5735,941,-11453.0,31227.0,false,false
palmares-2010-kasai-orient-1-91.txt,2010,kasai-orient-1-91,kasai-oriental,6657,6650,4638,2019,-11453.0,31227.0,false,false
palmares-2022-kwango-2-code-36.txt,2022,kwango-2-code-36,bandundu,6650,6650,3795,2855,-11453.0,31227.0,false,false
palmares-2008-province-orientale.txt,2008,province-orientale,orientale,6622,6611,4615,2007,-11453.0,31227.0,false,false
palmares-2021-kasai-central-2.txt,2021,kasai-central-2,kasai-occidental,6578,6560,5346,1232,-11453.0,31227.0,false,false
palmares-2022-kongo-central-2-code-22.txt,2022,kongo-central-2-code-22,bas-congo,6505,6497,4348,2157,-11453.0,31227.0,false,false
palmares-2021-haut-lomami-2.txt,2021,haut-lomami-2,katanga,6409,6372,5016,1393,-11453.0,31227.0,false,false
palmares-2021-sankuru-1.txt,2021,sankuru-1,kasai-oriental,6352,6345,4168,2184,-11453.0,31227.0,false,false
palmares-2019-kasai-1-82.txt,2019,kasai-1-82,kasai-occidental,6344,6283,4518,1826,-11453.0,31227.0,false,false
palmares-2016-sud-ubangi-42.txt,2016,sud-ubangi-42,equateur,6323,6323,4794,1529,-11453.0,31227.0,false,false
palmares-2019-haut-lomami-2-75.txt,2019,haut-lomami-2-75,katanga,6311,6275,5018,1293,-11453.0,31227.0,false,false
palmares-2022-mai-ndombe-2-code-37.txt,2022,mai-ndombe-2-code-37,bandundu,6266,6265,3992,2274,-11453.0,31227.0,false,false
palmares-2013-equateur-1-41.txt,2013,equateur-1-41,equateur,6228,6226,4488,1740,-11453.0,31227.0,false,false
palmares-2013-bandundu-3-33.txt,2013,bandundu-3-33,bandundu,6208,6180,4328,1880,-11453.0,31227.0,false,false
palmares-2023-sankuru-2-95.txt,2023,sankuru-2-95,kasai-oriental,6114,6089,4069,2045,-11453.0,31227.0,false,false
palmares-2022-nord-kivu-3-code-66.txt,2022,nord-kivu-3-code-66,nord-kivu,6085,6084,3865,2220,-11453.0,31227.0,false,false
palmares-2010-equateur-1-41.txt,2010,equateur-1-41,equateur,6060,6058,4476,1584,-11453.0,31227.0,false,false
palmares-2017-definitif-lualaba-74.txt,2017,definitif-lualaba-74,katanga,6041,6039,3869,2172,-11453.0,31227.0,false,false
palmares-2013-province-orientale-2-52.txt,2013,province-orientale-2-52,orientale,5959,5951,4027,1932,-11453.0,31227.0,false,false
palmares-2021-kongo-central-2.txt,2021,kongo-central-2,bas-congo,5947,5943,2941,3006,-11453.0,31227.0,false,false
palmares-2018-mongala.txt,2018,mongala,equateur,5909,5907,4314,1595,-11453.0,31227.0,false,false
palmares-2013-katanga-3-73.txt,2013,katanga-3-73,katanga,5793,5781,4745,1048,-11453.0,31227.0,false,false
palmares-2010-katanga-3-73.txt,2010,katanga-3-73,katanga,5731,5684,4562,1169,-11453.0,31227.0,false,false
palmares-2023-mai-ndombe-1-31.txt,2023,mai-ndombe-1-31,bandundu,5726,5716,3798,1928,-11453.0,31227.0,false,false
palmares-2019-sud-ubangi-1-42.txt,2019,sud-ubangi-1-42,equateur,5714,5714,3914,1800,-11453.0,31227.0,false,false
palmares-2023-sud-ubangi-2-47.txt,2023,sud-ubangi-2-47,equateur,5694,5693,3977,1717,-11453.0,31227.0,false,false
palmares-2010-kasai-orient-2-92.txt,2010,kasai-orient-2-92,kasai-oriental,5682,5671,4195,1487,-11453.0,31227.0,false,false
palmares-2019-lualaba-1-74.txt,2019,lualaba-1-74,katanga,5661,5660,3338,2323,-11453.0,31227.0,false,false
palmares-2023-mai-ndombe-2-37.txt,2023,mai-ndombe-2-37,bandundu,5628,5626,3553,2075,-11453.0,31227.0,false,false
palmares-2022-sud-kivu-2-code-65.txt,2022,sud-kivu-2-code-65,sud-kivu,5623,5612,3530,2093,-11453.0,31227.0,false,false
palmares-2023-sud-ubangi-1-42.txt,2023,sud-ubangi-1-42,equateur,5569,5567,3301,2268,-11453.0,31227.0,false,false
palmares-2021-ituri-1.txt,2021,ituri-1,orientale,5566,5563,2935,2631,-11453.0,31227.0,false,false
palmares-2016-lualaba-74.txt,2016,lualaba-74,katanga,5548,5545,3581,1967,-11453.0,31227.0,false,false
palmares-2013-kasai-oriental-3-93.txt,2013,kasai-oriental-3-93,kasai-oriental,5535,5523,4140,1395,-11453.0,31227.0,false,false
palmares-2022-sankuru-2-code-95.txt,2022,sankuru-2-code-95,kasai-oriental,5450,5442,3493,1957,-11453.0,31227.0,false,false
palmares-2021-tanganyika-2.txt,2021,tanganyika-2,katanga,5446,5424,4187,1259,-11453.0,31227.0,false,false
palmares-2015-equateur-2-42.txt,2015,equateur-2-42,equateur,5395,5395,4116,1279,-11453.0,31227.0,false,false
palmares-2022-kongo-central-3-code-23.txt,2022,kongo-central-3-code-23,bas-congo,5331,5328,3355,1976,-11453.0,31227.0,false,false
palmares-2022-tshopo-2-code-55.txt,2022,tshopo-2-code-55,orientale,5323,5321,3880,1443,-11453.0,31227.0,false,false
palmares-2021-maniema-1.txt,2021,maniema-1,maniema,5286,5282,3613,1673,-11453.0,31227.0,false,false
palmares-2010-bas-congo-2-22.txt,2010,bas-congo-2-22,bas-congo,5256,5256,3622,1634,-11453.0,31227.0,false,false
palmares-2021-maniema-2.txt,2021,maniema-2,maniema,5238,5210,4048,1190,-11453.0,31227.0,false,false
palmares-2013-maniema-64.txt,2013,maniema-64,maniema,5157,5122,4342,815,-11453.0,31227.0,false,false
palmares-2023-tshuapa-2-48.txt,2023,tshuapa-2-48,equateur,5130,5101,3368,1762,-11453.0,31227.0,false,false
palmares-2015-katanga-4-74.txt,2015,katanga-4-74,katanga,5069,5068,3373,1696,-11453.0,31227.0,false,false
palmares-2012-junacyc.txt,2012,junacyc,autre,5059,5021,3781,1278,-11453.0,31227.0,false,false
palmares-2022-mai-ndombe-1-code-31.txt,2022,mai-ndombe-1-code-31,bandundu,5043,5037,3370,1673,-11453.0,31227.0,false,false
palmares-2015-equateur-4-44.txt,2015,equateur-4-44,equateur,4974,4972,3577,1397,-11453.0,31227.0,false,false
palmares-2015-kasai-oriental-2-92.txt,2015,kasai-oriental-2-92,kasai-oriental,4944,4941,3489,1455,-11453.0,31227.0,false,false
palmares-2023-equateur-2-46.txt,2023,equateur-2-46,equateur,4916,4909,3196,1720,-11453.0,31227.0,false,false
palmares-2019-kwango-2-36.txt,2019,kwango-2-36,bandundu,4883,4883,2712,2171,-11453.0,31227.0,false,false
palmares-2021-tshopo-2.txt,2021,tshopo-2,orientale,4835,4834,3694,1141,-11453.0,31227.0,false,false
palmares-2023-tshuapa-1-43.txt,2023,tshuapa-1-43,equateur,4780,4770,3118,1662,-11453.0,31227.0,false,false
palmares-2019-kasai-central-2-83.txt,2019,kasai-central-2-83,kasai-occidental,4734,4730,3801,933,-11453.0,31227.0,false,false
palmares-2017-definitif-mongala-44.txt,2017,definitif-mongala-44,equateur,4731,4730,3370,1361,-11453.0,31227.0,false,false
palmares-2013-kasai-oriental-1-91.txt,2013,kasai-oriental-1-91,kasai-oriental,4700,4697,3423,1277,-11453.0,31227.0,false,false
palmares-2021-sud-ubangi-2.txt,2021,sud-ubangi-2,equateur,4675,4675,3400,1275,-11453.0,31227.0,false,false
palmares-2010-equateur-4-44.txt,2010,equateur-4-44,equateur,4673,4672,3870,803,-11453.0,31227.0,false,false
palmares-2022-maniema-1-code-64.txt,2022,maniema-1-code-64,maniema,4666,4665,3178,1488,-11453.0,31227.0,false,false
palmares-2019-ituri-2-56.txt,2019,ituri-2-56,orientale,4661,4660,2875,1786,-11453.0,31227.0,false,false
palmares-2013-junacyc.txt,2013,junacyc,autre,4628,4612,3505,1123,-11453.0,31227.0,false,false
palmares-2019-tshopo-2-55.txt,2019,tshopo-2-55,orientale,4552,4551,3495,1057,-11453.0,31227.0,false,false
palmares-2019-tanganyika-1-73.txt,2019,tanganyika-1-73,katanga,4516,4514,2778,1738,-11453.0,31227.0,false,false
palmares-2010-province-orientale-2-52.txt,2010,province-orientale-2-52,orientale,4489,4484,3189,1300,-11453.0,31227.0,false,false
palmares-2019-lukaya-23.txt,2019,lukaya-23,bas-congo,4455,4452,2886,1569,-11453.0,31227.0,false,false
palmares-2021-sud-ubangi-1.txt,2021,sud-ubangi-1,equateur,4449,4449,3020,1429,-11453.0,31227.0,false,false
palmares-2016-mongala-44.txt,2016,mongala-44,equateur,4393,4392,3237,1156,-11453.0,31227.0,false,false
palmares-2022-junacyc.txt,2022,junacyc,autre,4336,4334,3607,729,-11453.0,31227.0,false,false
palmares-2019-tanganyika-2-77.txt,2019,tanganyika-2-77,katanga,4320,4307,3392,928,-11453.0,31227.0,false,false
palmares-2022-sud-ubangi-1-code-42.txt,2022,sud-ubangi-1-code-42,equateur,4316,4314,2718,1598,-11453.0,31227.0,false,false
palmares-2023-lualaba-2-78.txt,2023,lualaba-2-78,katanga,4237,4231,3024,1213,-11453.0,31227.0,false,false
palmares-2022-maniema-2-code-68-1.txt,2022,maniema-2-code-68-1,maniema,4216,4195,3290,926,-11453.0,31227.0,false,false
palmares-2019-junacyc.txt,2019,junacyc,autre,4209,4207,3328,881,-11453.0,31227.0,false,false
palmares-2021-kongo-central-3.txt,2021,kongo-central-3,bas-congo,4201,4200,2579,1622,-11453.0,31227.0,false,false
palmares-2016-junacyc.txt,2016,junacyc,autre,4099,4094,2971,1128,-11453.0,31227.0,false,false
palmares-2020-junacyc-final.txt,2020,junacyc-final,autre,4065,4065,3340,725,-11453.0,31227.0,false,false
palmares-2019-haut-uele-53.txt,2019,haut-uele-53,orientale,4049,4049,2473,1576,-11453.0,31227.0,false,false
palmares-2019-tshuapa-43.txt,2019,tshuapa-43,equateur,4003,4000,2744,1259,-11453.0,31227.0,false,false
palmares-2022-sud-ubangi-2-code-47.txt,2022,sud-ubangi-2-code-47,equateur,3979,3978,2921,1058,-11453.0,31227.0,false,false
palmares-2023-sud-kivu-3-67.txt,2023,sud-kivu-3-67,sud-kivu,3955,3930,2831,1124,-11453.0,31227.0,false,false
palmares-2018-nord-ubangi.txt,2018,nord-ubangi,equateur,3952,3952,2875,1077,-11453.0,31227.0,false,false
palmares-2013-equateur-2-42.txt,2013,equateur-2-42,equateur,3934,3932,3205,729,-11453.0,31227.0,false,false
palmares-2018-haut-uele.txt,2018,haut-uele,orientale,3792,3792,2349,1443,-11453.0,31227.0,false,false
palmares-2015-junacyc.txt,2015,junacyc,autre,3790,3790,2821,969,-11453.0,31227.0,false,false
palmares-2021-mongala-1.txt,2021,mongala-1,equateur,3780,3780,2701,1079,-11453.0,31227.0,false,false
palmares-2017-definitif-nord-ubangi-45.txt,2017,definitif-nord-ubangi-45,equateur,3721,3721,2719,1002,-11453.0,31227.0,false,false
palmares-2019-nord-ubangi-45.txt,2019,nord-ubangi-45,equateur,3706,3706,2510,1196,-11453.0,31227.0,false,false
palmares-2022-equateur-2-46.txt,2022,equateur-2-46,equateur,3701,3701,2502,1199,-11453.0,31227.0,false,false
palmares-2011-junacyc.txt,2011,junacyc,autre,3700,3684,2511,1189,-11453.0,31227.0,false,false
palmares-2021-lualaba-2.txt,2021,lualaba-2,katanga,3666,3663,2654,1012,-11453.0,31227.0,false,false
palmares-2021-equateur-2.txt,2021,equateur-2,equateur,3645,3645,2508,1137,-11453.0,31227.0,false,false
palmares-2008-maniema.txt,2008,maniema,maniema,3590,3559,2968,622,-11453.0,31227.0,false,false
palmares-2021-tanganyika-1.txt,2021,tanganyika-1,katanga,3556,3553,2258,1298,-11453.0,31227.0,false,false
palmares-2023-haut-uele-1-53.txt,2023,haut-uele-1-53,orientale,3553,3551,1881,1672,-11453.0,31227.0,false,false
palmares-2018-tshuapa.txt,2018,tshuapa,equateur,3517,3517,2394,1123,-11453.0,31227.0,false,false
palmares-2013-bas-congo-2-22.txt,2013,bas-congo-2-22,bas-congo,3511,3510,2745,766,-11453.0,31227.0,false,false
palmares-2013-equateur-4-44.txt,2013,equateur-4-44,equateur,3494,3493,3010,484,-11453.0,31227.0,false,false
palmares-2022-haut-katanga-2-76.txt,2022,haut-katanga-2-76,katanga,3490,3487,2370,1120,-11453.0,31227.0,false,false
palmares-2017-definitif-haut-uele-53.txt,2017,definitif-haut-uele-53,orientale,3475,3475,2119,1356,-11453.0,31227.0,false,false
palmares-2021-nord-ubangi-1.txt,2021,nord-ubangi-1,equateur,3462,3462,2448,1014,-11453.0,31227.0,false,false
palmares-2013-katanga-4-74.txt,2013,katanga-4-74,katanga,3450,3449,2538,912,-11453.0,31227.0,false,false
palmares-2021-haut-katanga-2.txt,2021,haut-katanga-2,katanga,3414,3413,2308,1106,-11453.0,31227.0,false,false
palmares-2023-haut-katanga-2-76.txt,2023,haut-katanga-2-76,katanga,3414,3383,2275,1139,-11453.0,31227.0,false,false
palmares-2022-lualaba-2-code-78.txt,2022,lualaba-2-code-78,katanga,3406,3405,2448,958,-11453.0,31227.0,false,false
palmares-2022-sankuru-1-code-92.txt,2022,sankuru-1-code-92,kasai-oriental,3399,3395,2231,1168,-11453.0,31227.0,false,false
palmares-2023-ituri-2-56.txt,2023,ituri-2-56,orientale,3398,3395,1754,1644,-11453.0,31227.0,false,false
palmares-2016-nord-ubangi-45.txt,2016,nord-ubangi-45,equateur,3379,3379,2547,832,-11453.0,31227.0,false,false
palmares-2019-lualaba-2-78.txt,2019,lualaba-2-78,katanga,3371,3369,2500,871,-11453.0,31227.0,false,false
palmares-2021-sankuru-2.txt,2021,sankuru-2,kasai-oriental,3288,3284,2181,1107,-11453.0,31227.0,false,false
palmares-2016-tshuapa-43.txt,2016,tshuapa-43,equateur,3206,3204,2196,1010,-11453.0,31227.0,false,false
palmares-2023-bas-uele-54.txt,2023,bas-uele-54,orientale,3183,3180,1996,1187,-11453.0,31227.0,false,false
palmares-2019-sud-ubangi-2-47-s.txt,2019,sud-ubangi-2-47-s,equateur,3168,3168,2335,833,-11453.0,31227.0,false,false
palmares-2022-tshuapa-1-code-43.txt,2022,tshuapa-1-code-43,equateur,3166,3164,2045,1121,-11453.0,31227.0,false,false
palmares-2021-tshuapa-2.txt,2021,tshuapa-2,equateur,3131,3128,2127,1004,-11453.0,31227.0,false,false
palmares-2010-equateur-3-43.txt,2010,equateur-3-43,equateur,3128,3126,2589,539,-11453.0,31227.0,false,false
palmares-2016-haut-uele-53.txt,2016,haut-uele-53,orientale,3082,3082,1983,1099,-11453.0,31227.0,false,false
palmares-2019-haut-katanga-2-76.txt,2019,haut-katanga-2-76,katanga,3013,3010,2111,902,-11453.0,31227.0,false,false
palmares-2015-equateur-5-45.txt,2015,equateur-5-45,equateur,3002,3002,2320,682,-11453.0,31227.0,false,false
palmares-2017-definitif-tshuapa-43.txt,2017,definitif-tshuapa-43,equateur,2991,2990,1970,1021,-11453.0,31227.0,false,false
palmares-2010-katanga-4-74.txt,2010,katanga-4-74,katanga,2982,2982,2103,879,-11453.0,31227.0,false,false
palmares-2022-nord-ubangi-1-code-45.txt,2022,nord-ubangi-1-code-45,equateur,2922,2922,1899,1023,-11453.0,31227.0,false,false
palmares-2019-equateur-2-46.txt,2019,equateur-2-46,equateur,2914,2914,1962,952,-11453.0,31227.0,false,false
palmares-2023-kwango-1-33.txt,2023,kwango-1-33,bandundu,2913,2912,2010,903,-11453.0,31227.0,false,false
palmares-2023-mongala-2-49.txt,2023,mongala-2-49,equateur,2913,2912,2010,903,-11453.0,31227.0,false,false
palmares-2010-equateur-2-42.txt,2010,equateur-2-42,equateur,2811,2811,2246,565,-11453.0,31227.0,false,false
palmares-2023-ituri-3-57.txt,2023,ituri-3-57,orientale,2757,2674,1849,908,-11453.0,31227.0,false,false
palmares-2022-mongala-2-code-49.txt,2022,mongala-2-code-49,equateur,2756,2754,1807,949,-11453.0,31227.0,false,false
palmares-2023-nord-ubangi-1-45.txt,2023,nord-ubangi-1-45,equateur,2691,2691,1780,911,-11453.0,31227.0,false,false
palmares-2022-tshuapa-2-code-48.txt,2022,tshuapa-2-code-48,equateur,2632,2631,1741,891,-11453.0,31227.0,false,false
palmares-2015-province-orientale-3-53.txt,2015,province-orientale-3-53,orientale,2621,2621,1722,899,-11453.0,31227.0,false,false
palmares-2019-sud-kivu-3-67.txt,2019,sud-kivu-3-67,sud-kivu,2609,2597,1963,646,-11453.0,31227.0,false,false
palmares-2023-kasai-oriental-2-94.txt,2023,kasai-oriental-2-94,kasai-oriental,2595,2576,2041,554,-11453.0,31227.0,false,false
palmares-2013-equateur-3-43.txt,2013,equateur-3-43,equateur,2581,2581,1947,634,-11453.0,31227.0,false,false
palmares-2015-equateur-3-43.txt,2015,equateur-3-43,equateur,2574,2574,1848,726,-11453.0,31227.0,false,false
palmares-2022-bas-uele-54.txt,2022,bas-uele-54,orientale,2568,2567,1612,956,-11453.0,31227.0,false,false
palmares-2023-haut-uele-2-58.txt,2023,haut-uele-2-58,orientale,2553,2551,1443,1110,-11453.0,31227.0,false,false
palmares-2022-mongala-1-code-44.txt,2022,mongala-1-code-44,equateur,2541,2541,1838,703,-11453.0,31227.0,false,false
palmares-2023-nord-ubangi-2-40.txt,2023,nord-ubangi-2-40,equateur,2427,2424,1641,786,-11453.0,31227.0,false,false
palmares-2013-equateur-5-45.txt,2013,equateur-5-45,equateur,2314,2313,1835,479,-11453.0,31227.0,false,false
palmares-2022-sud-kivu-3-code-67.txt,2022,sud-kivu-3-code-67,sud-kivu,2310,2301,1659,651,-11453.0,31227.0,false,false
palmares-2021-ituri-2.txt,2021,ituri-2,orientale,2303,2303,1265,1038,-11453.0,31227.0,false,false
palmares-2021-sud-kivu-3.txt,2021,sud-kivu-3,sud-kivu,2208,2201,1641,567,-11453.0,31227.0,false,false
palmares-2010-equateur-5-45.txt,2010,equateur-5-45,equateur,2197,2197,1807,390,-11453.0,31227.0,false,false
palmares-2021-haut-uele-1.txt,2021,haut-uele-1,orientale,2136,2136,1179,957,-11453.0,31227.0,false,false
palmares-2013-province-orientale-3-53.txt,2013,province-orientale-3-53,orientale,2117,2117,1422,695,-11453.0,31227.0,false,false
palmares-2010-province-orientale-3-53.txt,2010,province-orientale-3-53,orientale,2009,2008,1322,687,-11453.0,31227.0,false,false
palmares-2019-bas-uele-54.txt,2019,bas-uele-54,orientale,1875,1875,1255,620,-11453.0,31227.0,false,false
palmares-2017-definitif-bas-uele-54.txt,2017,definitif-bas-uele-54,orientale,1857,1856,1239,618,-11453.0,31227.0,false,false
palmares-2022-ituri-2-56.txt,2022,ituri-2-56,orientale,1787,1787,1159,628,-11453.0,31227.0,false,false
palmares-2021-bas-uele.txt,2021,bas-uele,orientale,1781,1780,1076,705,-11453.0,31227.0,false,false
palmares-2018-bas-uele.txt,2018,bas-uele,orientale,1731,1731,1249,482,-11453.0,31227.0,false,false
palmares-2022-kasai-oriental-2-code-94.txt,2022,kasai-oriental-2-code-94,kasai-oriental,1646,1646,1293,353,-11453.0,31227.0,false,false
palmares-2022-haut-uele-1-53.txt,2022,haut-uele-1-53,orientale,1526,1526,954,572,-11453.0,31227.0,false,false
palmares-2021-ituri-3.txt,2021,ituri-3,orientale,1497,1496,965,532,-11453.0,31227.0,false,false
palmares-2021-kasai-oriental-2.txt,2021,kasai-oriental-2,kasai-oriental,1481,1480,1217,264,-11453.0,31227.0,false,false
palmares-2016-bas-uele-54.txt,2016,bas-uele-54,orientale,1368,1368,993,375,-11453.0,31227.0,false,false
palmares-2015-province-orientale-4-54.txt,2015,province-orientale-4-54,orientale,1285,1285,886,399,-11453.0,31227.0,false,false
palmares-2022-haut-uele-2-58.txt,2022,haut-uele-2-58,orientale,1193,1193,670,523,-11453.0,31227.0,false,false
palmares-2021-haut-uele-2.txt,2021,haut-uele-2,orientale,1132,1132,609,523,-11453.0,31227.0,false,false
palmares-2021-mongala-2.txt,2021,mongala-2,equateur,1121,1121,806,315,-11453.0,31227.0,false,false
palmares-2022-ituri-3-57.txt,2022,ituri-3-57,orientale,1118,1118,866,252,-11453.0,31227.0,false,false
palmares-2022-nord-ubangi-2-code-40.txt,2022,nord-ubangi-2-code-40,equateur,1016,1016,645,371,-11453.0,31227.0,false,false
palmares-2013-province-orientale-4-54.txt,2013,province-orientale-4-54,orientale,602,602,463,139,-11453.0,31227.0,false,false
palmares-2011-hf.txt,2011,hf,autre,601,600,428,173,-11453.0,31227.0,false,false
palmares-2020-hf-ss.txt,2020,hf-ss,autre,455,453,215,240,-11453.0,31227.0,false,false
palmares-2019-hf.txt,2019,hf,autre,414,414,176,238,-11453.0,31227.0,false,false
palmares-2021-mai-ndombe-2.txt,2021,mai-ndombe-2,bandundu,409,409,362,47,-11453.0,31227.0,false,false
palmares-2018-hors-frontiere.txt,2018,hors-frontiere,autre,390,390,168,222,-11453.0,31227.0,false,false
palmares-2022-hors-frontiere-01.txt,2022,hors-frontiere-01,autre,331,331,153,178,-11453.0,31227.0,false,false
palmares-2016-hf.txt,2016,hf,autre,298,298,148,150,-11453.0,31227.0,false,false
palmares-2017-definitif-hors-frontiere-0x.txt,2017,definitif-hors-frontiere-0x,autre,283,283,125,158,-11453.0,31227.0,false,false
palmares-2012-hors-frontiere.txt,2012,hors-frontiere,autre,267,267,140,127,-11453.0,31227.0,false,false
palmares-2013-hors-frontiere-01.txt,2013,hors-frontiere-01,autre,229,229,94,135,-11453.0,31227.0,false,false
palmares-2010-hors-frontieres-01.txt,2010,hors-frontieres-01,autre,158,158,74,84,-11453.0,31227.0,false,false
palmares-2012-recours.txt,2012,recours,autre,122,122,70,52,-11453.0,31227.0,false,false
palmares-2009-hors-frontieres.txt,2009,hors-frontieres,autre,103,103,50,53,-11453.0,31227.0,false,false
palmares-2008-hors-frontier.txt,2008,hors-frontier,autre,94,94,42,52,-11453.0,31227.0,false,false
palmares-2020-junacyc-lualaba-corrige-919.txt,2020,junacyc-lualaba-corrige-919,katanga,55,55,55,0,-11453.0,31227.0,false,false
palmares-2020-lualaba-corrige-922a.txt,2020,lualaba-corrige-922a,katanga,23,23,16,7,-11453.0,31227.0,false,false
